Family,403_DC,403_DL,405_DC,405_DL,407_DC,407_DL,408_DC,408_DL,411_DC,411_DL,412_DC,412_DL,414_DC,414_DL,420_DC,420_DL,425_DC,425_DL,427_DC,427_DL,428_DC,428_DL,431_DC,431_DL,432_DC,432_DL,433_DC,433_DL,437_DC,437_DL,438_DC,438_DL,439_DC,439_DL,444_DC,444_DL,449_DC,449_DL,450_DC,450_DL,451_DC,451_DL,452_DC,452_DL,456_DC,456_DL,459_DC,459_DL,461_DC,461_DL,463_DC,463_DL,464_DC,464_DL,465_DC,465_DL,466_DC,466_DL,471_DC,471_DL,472_DC,472_DL,475_DC,475_DL,476_DC,476_DL,478_DC,478_DL,481_DC,481_DL,482_DC,482_DL,484_DC,484_DL,485_DC,485_DL,489_DC,489_DL,495_DC,495_DL,500_DC,500_DL,505_DC,505_DL,509_DC,509_DL,510_DC,510_DL,515_DC,515_DL,517_DC,517_DL,518_DC,518_DL,519_DC,519_DL,521_DC,521_DL,522_DC,522_DL,524_DC,524_DL,528_DC,528_DL,532_DC,532_DL,534_DC,534_DL,535_DC,535_DL,536_DC,536_DL,538_DC,538_DL,541_DC,541_DL,542_DC,542_DL,547_DC,547_DL,548_DC,548_DL,549_DC,549_DL,553_DC,553_DL,555_DC,555_DL,562_DC,562_DL,564_DC,564_DL,568_DC,568_DL,571_DC,571_DL,572_DC,572_DL,573_DC,573_DL,577_DC,577_DL,578_DC,578_DL,579_DC,579_DL,580_DC,580_DL,584_DC,584_DL,590_DC,590_DL,592_DC,592_DL
Lachnospiraceae,2426,37,1272,559,1300,101,428,1690,17336,1908,1893,243,1032,27493,2602,3393,359,434,12219,34000,3363,2228,502,6497,4154,20404,5960,131,1718,155,3559,16913,1642,188,3303,706,361,9881,5578,57763,264,751,2832,17,13786,2107,58,198,117,31,1606,484,468,913,4339,119,993,164,213,1599,182,218,0,156,3069,470,511,102,2467,1153,4460,8248,1715,408,1534,217,4032,955,786,4258,142,36,605,47,1204,92,1616,20,94,39,17750,4950,4,29,980,1049,12899,22682,1060,187,832,941,2060,4695,26598,4569,1679,1851,740,757,512,404,5250,269,12,5011,456,763,619,101,1337,90,1148,85,1935,1257,1880,842,3519,1135,3847,661,4913,14315,693,129,443,1363,475,36,286,223,289,253,4201,1583,3450,6195,1065,681,1808,290,6326,279
Ruminococcaceae,110,0,134,37,11,5,0,8,5422,66,476,5,76,770,867,661,0,6,582,685,238,54,0,255,407,676,253,0,229,64,217,475,56,3,753,53,30,119,99,2670,52,0,74,0,695,116,33,0,0,0,187,6,18,3,740,133,50,6,0,0,56,10,0,13,140,8,151,91,461,41,650,266,71,106,33,65,127,0,83,72,0,0,27,0,26,2,61,0,0,0,2124,351,0,9,15,147,985,525,47,0,0,0,36,53,661,33,0,127,0,75,54,0,5,0,0,17,4,0,27,20,119,0,8,18,51,5,54,122,69,43,61,74,237,425,62,0,6,46,10,0,0,0,0,0,212,97,138,154,66,5,85,14,419,3
Oscillospiraceae,48,0,130,4,9,0,14,211,676,112,87,0,20,1080,13,133,0,8,906,1500,76,94,0,467,286,754,72,0,75,0,41,926,41,0,178,22,4,953,68,4471,40,15,42,0,772,234,0,0,0,0,79,25,13,204,230,3,0,2,0,124,0,45,0,20,31,2,0,0,25,0,138,495,39,0,31,0,177,45,7,148,0,0,11,0,34,0,10,0,0,0,287,51,10,64,56,6,292,566,51,0,0,240,32,278,597,303,11,0,45,99,18,41,4,0,0,216,4,27,7,3,44,0,7,0,32,71,11,14,222,72,40,0,134,1288,79,18,0,142,0,15,0,0,0,0,74,0,76,389,7,23,88,0,160,0
Peptococcaceae,7,0,0,0,0,0,0,16,0,0,0,0,0,47,0,0,0,0,11,76,7,0,0,0,12,0,42,0,7,0,0,33,0,0,0,0,0,11,0,159,0,0,0,0,28,0,0,0,0,0,0,0,3,0,0,0,0,0,0,0,0,0,0,0,0,0,0,0,5,0,0,217,7,0,6,0,0,0,0,0,0,0,14,0,0,0,0,0,0,0,22,0,0,0,0,0,15,52,0,0,0,0,2,0,95,85,16,0,0,0,0,0,0,0,0,0,2,0,0,0,0,0,0,0,0,0,2,0,0,22,0,0,6,0,100,0,0,0,0,21,0,0,0,2,0,0,29,60,0,0,0,0,10,0
Anaerovoracaceae,27,0,0,2,0,0,0,0,182,0,13,0,5,54,33,12,0,0,11,84,17,10,0,9,66,53,0,0,20,0,0,30,17,0,7,0,11,40,4,211,0,0,13,0,51,0,0,0,0,0,14,11,0,0,50,0,19,0,0,0,0,0,0,0,23,0,0,0,0,0,80,0,0,0,5,0,0,0,10,0,0,0,0,0,0,0,35,0,0,0,101,30,0,0,0,0,44,36,0,0,0,0,15,3,246,10,0,90,0,0,0,0,0,0,0,0,5,19,6,39,5,0,8,0,15,18,0,0,0,0,11,92,22,49,0,0,0,20,0,0,0,0,0,0,17,0,46,9,0,0,16,0,37,0
Corynebacteriaceae,3,0,0,0,0,0,0,0,0,2,0,0,0,0,0,0,0,0,0,0,0,0,2,35,0,0,122,80,0,0,20,0,0,0,23,0,0,0,95,2,0,0,0,0,0,0,0,100,26,0,0,0,0,0,0,0,0,0,0,19,0,0,0,0,0,0,12,0,0,22,0,0,0,0,0,0,0,0,0,0,0,0,0,33,0,0,0,0,0,0,0,0,0,0,24,0,132,0,10,18,12,70,0,33,0,0,0,296,0,0,0,0,0,5,0,73,0,0,0,0,0,0,0,0,0,0,0,0,14,0,18,12,0,0,0,0,0,0,7,0,0,0,0,0,0,37,0,0,0,42,0,0,18,0
Muribaculaceae,29545,319,4568,1272,729,687,2779,533,28162,1968,3172,417,5641,3919,10707,1552,456,804,1201,4056,31055,691,479,2982,18996,3113,41036,369,7846,180,4591,1205,22588,257,8220,2282,6277,1010,481,13956,74,268,30867,222,1591,244,15,380,730,111,14225,2554,6584,497,28213,311,21069,93,7295,413,2846,232,7,467,9882,194,2891,811,9339,1076,45541,2288,17468,537,6623,238,17928,1703,7140,882,437,162,11665,178,18602,209,3305,200,115,10,18854,1684,788,129,14598,99,16538,2604,16783,800,2264,307,15863,2741,1470,677,11107,9037,5672,424,7226,1785,4987,91,22,3494,3702,1299,8566,1996,14897,554,7929,159,17530,3265,15631,2297,11140,584,7281,895,2701,4970,8398,1297,909,1560,4085,120,586,102,3438,1770,2215,1379,36942,10951,1854,926,33201,492,50046,580
Bacteroidaceae,0,0,3,24,60,0,0,78,15,44,0,0,0,1232,0,54,0,35,407,2434,19,134,87,231,1024,458,181,65,111,0,854,632,25,0,782,11,3,380,0,6973,112,0,0,2,565,57,0,98,0,0,0,54,26,30,0,0,0,4,0,259,0,0,0,6,0,3,0,0,6,0,61,263,0,0,0,5,0,57,8,210,0,0,0,0,0,7,0,6,0,0,6,4,0,0,0,7,101,0,15,0,0,118,0,104,281,516,0,71,0,151,0,0,4,15,0,183,4,30,0,0,0,0,0,19,0,22,0,0,198,52,0,0,23,815,0,0,5,63,0,0,0,0,0,0,49,49,64,684,0,10,0,14,0,0
Acholeplasmataceae,0,0,0,0,0,0,0,4,0,0,0,0,0,276,0,0,0,0,68,382,0,3,0,15,0,0,2,0,0,0,0,442,0,0,0,0,0,0,0,0,0,0,0,0,0,0,0,0,0,0,0,0,0,0,0,0,0,0,0,0,0,0,0,0,0,0,0,0,0,0,0,122,0,0,0,0,0,0,0,0,0,0,0,0,0,0,0,0,0,0,0,0,0,0,0,0,17,0,0,0,0,0,0,0,0,3,0,0,0,0,0,0,0,0,0,0,0,0,0,0,0,0,0,6,0,20,0,0,0,0,0,0,11,160,0,0,0,0,0,0,0,0,0,0,25,0,21,49,0,0,28,0,0,0
Enterobacteriaceae,10,25,14,162,0,27,21,141,26,39,26,240,0,8,19,35,25,8,30,44,5,6,79,18,39,106,21,18,24,24,17,6,21,13,12,238,23,7,11,9,80,74,11,361,19,47,22,25,66,0,0,15,0,41,0,25,7,37,238,60,143,27,20,87,9,14,23,625,23,7056,7,18,54,11,117,34,30,19,75,0,9,8,20,46,8,18,25,52,10,21,6,35,33,50,29,61,10,26,17,88,39,22,7,155,22,73,11,26,25,3,16,34,33,27,9,26,24,120,9,10,13,28,8,20,8,29,22,19,19,30,11,29,0,16,10,16,39,26,13,595,7,5,6,58,39,52,12,40,4,5,37,50,14,30
Xanthobacteraceae,0,0,0,0,0,0,0,0,0,0,0,0,0,0,0,0,0,0,40,0,0,0,0,0,0,0,0,0,0,0,0,0,0,0,0,0,0,0,66,0,0,0,0,0,10,0,0,0,0,0,0,0,0,0,0,0,0,0,0,0,0,0,0,0,0,0,5,0,0,0,0,0,0,0,0,0,0,0,0,0,0,0,0,0,0,0,10,0,0,0,0,0,0,0,0,0,0,0,0,0,0,10,0,0,0,0,0,34,0,0,0,0,0,0,0,0,0,0,0,0,0,0,0,0,0,0,0,0,0,0,0,0,0,0,0,0,0,0,0,0,0,0,4,0,0,0,0,13,0,16,0,40,0,0
Enterococcaceae,21,8,7,55,7,64,0,57,38,8,10,144,0,0,18,16,65,21,6,14,0,22,118,68,15,90,0,9,40,30,0,0,0,43,12,115,0,9,55,10,19,139,0,95,0,41,10,163,43,0,0,45,0,45,0,153,10,26,19,6,8,15,33,19,0,0,11,163,10,2332,0,67,10,46,60,0,10,66,19,0,0,0,33,131,20,10,27,89,0,181,16,38,14,13,11,6,0,69,11,0,13,459,0,34,51,42,20,114,24,0,0,26,54,12,0,48,0,30,0,30,34,0,0,7,0,73,14,26,20,50,0,59,19,99,9,0,45,12,0,267,0,21,42,20,128,16,13,59,0,5,21,61,5,26
Eggerthellaceae,7563,18,904,127,26,153,79,68,3655,220,794,68,428,115,1148,269,196,4,95,14,2321,21,113,68,1137,58,5000,77,3216,0,1188,47,4018,36,476,261,311,13,80,301,0,147,2967,41,395,9,0,2,63,5,1253,366,666,248,4278,94,2460,0,513,9,128,49,0,91,704,3,80,86,175,37,847,67,594,4,1738,46,997,57,459,41,64,150,914,20,1251,0,1200,19,4,0,6249,240,36,0,1685,12,1506,129,2349,9,129,6,1425,180,144,0,1850,1793,277,14,767,62,991,110,0,131,580,52,782,88,1294,51,1385,4,1569,91,3872,205,1364,15,691,130,167,86,638,125,112,142,427,0,75,0,103,141,1116,132,673,198,193,41,590,55,5332,7
Pseudomonadaceae,9,24,18,47,0,0,15,85,40,13,54,377,5,0,44,0,56,108,51,8,0,0,58,6,10,24,1293,11,19,46,4,0,9,7,0,61,6,0,148,7,28,237,9,47,21,38,88,22,198,0,0,0,5,101,2,0,6,62,9,104,133,30,217,250,9,0,4,102,3,1324,9,36,0,0,0,12,22,69,11,49,124,46,0,15,16,4,19,60,0,0,10,32,7,62,13,6,0,120,7,0,38,147,0,28,0,45,28,87,30,5,0,7,22,27,21,13,0,8,0,0,73,9,9,16,19,46,9,27,6,0,3,73,5,31,5,62,7,12,0,125,0,109,49,84,49,106,29,137,137,51,11,9,0,44
Lactobacillaceae,50271,1220,52888,5928,13292,5857,12471,1800,40462,3555,59127,2476,12844,2308,5593,3331,54083,1168,4974,3146,19066,1313,20457,17352,84560,10177,52735,894,57777,3701,10386,2780,57836,4642,47171,25476,32358,4371,2789,18004,4212,463,44772,859,4328,927,49889,4074,112333,306,28251,2648,92102,1330,44397,1110,54392,2051,54435,1440,10298,513,19936,2500,46736,4509,30877,1846,19955,10502,35113,3132,85494,3117,94149,3311,54870,13563,49116,1980,1791,602,12170,489,37804,2473,41515,1962,84513,33502,26088,5455,14856,3449,24426,2341,47303,17370,57847,1304,8947,598,56581,31341,22511,1755,26872,16204,13300,1498,35035,15630,40430,2185,22047,25849,13341,23218,21536,6280,38604,2475,55047,976,57339,16352,83256,48115,18776,1221,33663,6966,1008,2184,11987,841,3113,3694,39372,9894,5159,714,12004,1951,10825,2298,68727,42410,3104,1016,62929,4866,48607,1188
Staphylococcaceae,11,103,6,75,3,18,8,94,26,15,29,127,0,0,6,0,45,77,0,21,0,0,6152,203,21,110,193,134,15,12,37,0,12,5,11,191,15,5,6,15,15,37,11,177,0,4,12,168,163,2,4,12,13,17,13,67,6,7,12,137,20,10,11,173,0,2,24,354,22,4082,0,9,13,6,18,7,16,4,28,2,120,3,6,16,7,0,19,74,10,6,26,6,11,33,220,6,103,163,36,125,70,173,10,113,8,10,0,185,71,0,0,9,19,9,7,106,8,13,8,0,9,7,6,0,7,26,17,64,23,2,12,8,0,8,8,6,9,0,4,342,4,16,5,19,594,198,9,18,0,0,11,21,5,9
Saccharimonadaceae,0,0,0,0,0,0,0,0,0,0,0,0,5,0,0,0,0,0,0,0,0,0,0,26,0,0,0,0,0,0,0,0,0,0,0,0,0,0,0,0,0,0,0,0,0,0,0,0,0,0,0,0,0,0,0,0,0,0,0,0,0,0,0,0,0,0,0,0,0,0,0,0,0,0,0,0,0,0,0,0,0,0,0,0,0,0,0,0,0,0,4,0,0,0,0,0,0,0,0,0,0,0,0,7,0,0,0,0,0,0,0,0,0,0,0,0,0,0,0,0,0,0,0,0,0,0,0,0,0,0,7,0,0,0,0,0,0,0,0,0,0,0,0,0,0,0,0,0,0,0,0,0,0,0
Bacillaceae,8,10,16,173,0,18,20,267,9,16,18,206,0,0,20,90,42,7,16,18,0,21,38,73,29,67,21,64,36,17,28,10,28,9,24,203,10,72,9,20,44,38,13,342,6,71,16,158,47,2,3,47,19,129,0,55,11,59,23,141,41,36,17,52,12,7,68,486,22,5200,13,9,14,179,13,28,39,113,41,0,36,5,15,97,11,26,11,110,17,25,0,58,28,46,12,12,0,72,15,27,36,44,0,97,57,88,37,59,29,0,0,50,27,18,0,90,20,92,0,86,8,67,6,7,13,104,14,117,8,59,13,16,0,143,35,13,25,15,11,597,0,131,9,27,23,22,15,230,11,0,8,78,21,20
Micrococcaceae,23,0,0,3,0,3,24,2,14,0,0,0,22,0,0,0,0,0,0,0,0,0,28,0,0,0,0,17,0,0,0,0,0,0,4,0,0,0,0,0,0,0,10,0,0,0,0,0,49,0,0,17,0,0,26,0,0,0,85,0,0,0,4,0,17,0,8,0,0,0,0,0,9,0,11,0,0,0,0,0,0,0,0,0,0,0,148,0,0,0,15,0,22,0,0,0,7,0,0,0,0,170,0,0,27,0,0,166,0,0,0,0,0,0,0,0,14,0,0,0,0,0,74,0,0,0,0,0,30,3,0,0,0,0,0,0,0,0,0,0,0,0,0,0,0,0,0,0,0,0,248,0,5,0
Rikenellaceae,0,0,0,2,0,2,0,0,44,17,0,0,0,459,0,0,0,6,59,518,42,29,0,0,70,281,0,0,31,0,72,571,0,0,33,3,0,85,9,1398,5,78,0,0,106,110,0,0,0,0,0,20,0,0,0,0,0,2,0,6,0,0,0,3,0,0,0,0,0,2,22,331,0,0,0,0,0,0,0,0,0,0,0,0,0,0,0,0,0,0,0,0,0,0,0,0,47,321,0,0,0,0,0,3,34,67,0,0,0,22,0,17,0,28,0,24,0,0,0,0,0,0,0,0,0,0,0,0,33,15,0,0,70,332,0,0,0,16,0,0,0,0,0,0,97,2,0,37,2,0,0,0,0,0
Clostridia_vadinBB60_group,0,0,0,0,0,0,0,0,0,0,0,0,0,212,0,0,0,0,96,594,0,36,0,2,14,361,0,0,0,0,10,357,0,0,0,0,0,71,4,3,0,0,0,0,41,16,0,0,0,0,0,0,0,0,0,0,0,0,0,150,0,0,0,0,0,0,0,0,0,0,0,243,0,0,0,0,0,0,0,21,0,0,0,0,30,0,0,0,0,0,0,0,0,0,0,0,0,18,0,0,0,0,0,43,0,0,0,15,0,0,0,0,0,0,0,7,0,0,0,0,0,0,0,0,0,0,0,0,5,0,0,0,30,326,0,0,0,0,0,0,0,0,0,0,0,0,10,31,0,0,0,0,0,0
Burkholderiaceae,0,0,0,22,0,0,0,0,0,0,0,28,0,0,0,0,0,0,0,0,0,0,0,0,0,41,0,0,3,0,0,0,0,0,10,32,0,0,0,0,20,0,0,0,10,0,0,0,0,0,0,20,3,82,0,12,0,0,0,0,28,0,0,0,0,0,59,0,0,12,0,15,0,0,0,0,0,4,0,0,0,0,0,0,0,0,0,0,0,17,8,0,3,0,0,7,0,67,0,0,0,0,0,8,0,3,17,151,0,0,0,9,17,0,0,7,0,0,0,12,0,0,0,0,0,6,0,6,0,40,0,0,0,0,0,4,0,0,0,6,0,0,0,0,0,0,0,4,0,0,0,0,0,0
Marinifilaceae,0,0,0,0,0,0,0,0,34,0,0,0,0,0,0,0,0,0,0,0,0,0,0,0,0,0,0,0,0,0,0,0,0,0,0,0,0,67,0,0,0,0,0,0,0,0,0,0,0,0,0,0,0,0,0,0,0,0,0,0,0,0,0,0,0,5,0,7,7,0,0,0,0,0,0,0,0,0,0,0,0,0,0,0,0,0,0,0,0,0,0,0,0,0,0,0,0,0,0,0,0,0,0,0,30,234,0,0,0,0,0,0,0,0,0,0,0,0,0,0,0,28,0,0,0,0,0,0,0,0,0,0,0,0,0,0,0,0,0,0,0,0,0,0,94,162,0,0,0,0,0,0,0,0
Monoglobaceae,16,0,24,0,0,0,0,0,0,0,0,0,0,6,19,0,0,0,0,38,57,2,0,0,0,0,0,0,8,0,0,0,0,0,0,0,0,0,0,15,0,0,0,0,40,0,0,0,0,0,5,0,0,0,0,0,0,0,0,0,0,0,0,0,0,0,0,0,14,0,109,0,7,0,12,0,0,0,0,0,0,0,0,0,0,0,0,0,0,0,53,0,0,0,0,0,0,0,0,0,0,0,16,0,0,0,0,0,0,0,0,0,0,0,0,0,0,0,0,0,0,0,0,0,0,0,31,0,0,0,0,0,0,0,0,0,0,0,0,0,3,0,0,77,0,0,5,0,0,0,0,0,77,0
Erysipelatoclostridiaceae,0,0,0,0,0,0,0,0,14,0,0,0,0,0,0,0,0,0,0,9,3,0,0,0,14,0,19,0,0,0,0,0,0,0,0,0,0,0,0,19,0,0,0,0,0,0,0,0,0,0,0,0,0,0,0,0,0,0,0,0,0,0,0,0,0,0,0,0,0,0,0,0,0,0,3,0,0,0,0,0,0,0,0,0,0,0,0,0,0,0,18,0,0,0,0,0,19,0,0,0,0,0,8,0,0,0,0,0,0,0,0,12,2,0,0,0,0,0,0,0,0,0,0,0,0,0,0,0,0,0,3,0,0,0,0,0,0,0,0,0,0,0,0,0,0,0,18,15,0,0,0,0,0,0
Erysipelotrichaceae,26,0,51,0,0,0,0,0,35,0,0,0,0,26,0,0,0,0,7,3,0,7,0,0,8,6,150,0,0,0,0,0,0,0,0,15,0,0,0,10,0,0,5,0,0,0,0,0,0,0,2,0,0,0,3,0,0,0,4,0,0,0,0,0,0,0,0,0,32,0,22,41,0,32,6,0,9,0,2,0,0,0,0,0,0,0,0,0,0,0,35,0,0,0,0,0,51,0,0,0,0,0,9,13,12,0,0,0,0,0,0,0,0,0,0,0,0,0,0,0,0,0,0,0,0,0,3,11,0,0,11,0,0,13,0,0,0,0,0,0,0,0,0,0,0,0,0,0,0,0,0,0,5,0
Aerococcaceae,0,0,0,33,0,0,0,0,0,0,0,0,0,0,0,0,0,0,0,0,0,0,0,0,0,0,0,0,0,0,0,0,0,0,0,2,0,0,0,0,2,0,0,0,5,0,0,12,0,0,0,0,0,0,0,0,0,0,0,9,0,0,0,0,0,0,0,0,0,0,0,0,0,0,0,0,0,0,0,0,0,0,0,0,0,0,0,0,0,5,0,0,0,0,0,0,0,0,0,0,0,0,0,12,0,0,3,0,0,0,0,7,0,0,0,0,0,0,0,0,0,0,0,0,0,10,0,0,0,0,0,0,0,0,0,0,0,0,0,0,0,0,0,0,0,0,0,0,0,0,0,0,0,0
Moraxellaceae,0,0,0,0,0,0,0,4,0,0,0,0,0,0,0,0,0,0,0,0,0,0,0,0,0,0,0,0,0,0,0,0,0,0,0,0,0,0,0,0,0,0,0,0,0,0,0,0,3,0,0,0,0,0,0,0,0,0,0,0,0,0,0,0,0,0,0,0,0,0,11,0,0,0,0,0,0,0,0,0,0,0,0,0,0,0,0,0,0,0,0,0,0,0,0,0,0,0,0,0,0,0,0,0,0,0,0,0,0,0,0,0,0,0,0,0,0,0,0,0,0,0,0,0,0,0,0,0,0,0,0,0,0,0,0,0,0,0,0,0,0,0,0,0,0,0,0,0,0,0,0,0,0,0
Streptococcaceae,0,0,0,0,0,0,0,0,0,0,0,0,0,0,0,0,0,0,0,0,0,0,0,0,0,0,5,0,0,0,0,0,0,0,0,0,0,0,0,0,0,0,0,0,0,0,0,0,0,0,0,6,0,0,0,0,0,0,0,0,0,0,0,0,0,0,0,0,0,0,0,0,0,0,0,0,0,0,0,0,0,0,0,0,0,0,0,0,0,0,0,0,0,0,0,0,0,0,0,0,0,0,0,0,0,0,0,0,0,0,0,0,0,0,0,0,0,0,0,0,0,0,0,0,0,8,0,0,0,0,0,0,0,0,0,0,0,0,0,0,0,0,0,0,0,26,0,0,0,0,0,0,0,0
Comamonadaceae,3,0,29,44,49,0,0,27,0,0,0,0,0,0,0,22,93,0,0,0,0,0,0,6,0,0,0,0,0,0,5,0,0,0,0,0,0,0,0,0,0,3,0,0,36,19,6,0,49,0,0,0,0,0,0,0,0,0,0,0,21,34,23,19,0,0,0,5,0,0,0,0,0,0,0,0,0,0,7,0,0,0,0,26,0,0,0,0,18,0,13,15,0,0,0,0,0,0,0,0,0,0,0,0,0,7,0,0,25,32,0,0,0,22,0,0,0,0,0,7,26,0,0,4,3,0,0,0,0,0,3,24,0,0,0,0,0,0,0,0,0,0,0,0,0,0,0,35,0,0,0,0,0,0
Rhizobiaceae,0,0,0,0,3,0,0,29,0,0,0,21,0,0,0,0,0,0,26,0,0,0,0,0,0,5,8,0,0,0,0,0,0,0,0,19,0,0,0,0,0,0,0,0,0,0,0,0,0,0,0,0,0,0,0,0,0,0,0,9,0,0,0,58,0,0,0,0,10,0,0,24,0,0,0,80,0,6,0,0,0,0,0,0,0,0,0,9,0,31,0,0,0,0,0,0,0,0,0,0,0,0,0,13,0,0,0,0,0,0,0,0,0,0,0,0,0,0,0,0,0,0,0,0,0,0,0,0,0,0,0,0,23,0,0,75,0,0,0,0,0,0,0,0,0,0,0,112,0,0,0,0,0,0
Butyricicoccaceae,0,0,0,0,0,0,0,0,0,0,0,0,0,80,0,0,0,0,6,0,0,0,0,0,0,33,0,0,0,0,0,0,0,0,0,0,0,0,0,99,0,0,0,0,0,0,0,0,0,0,0,0,0,0,0,0,0,0,0,82,0,0,0,0,0,0,0,0,0,0,0,0,0,0,0,0,0,0,0,0,0,0,0,0,0,0,0,0,0,0,61,13,0,0,0,0,0,0,0,0,0,0,0,15,0,0,0,0,0,53,0,0,0,0,0,0,0,15,0,0,0,0,0,0,0,20,0,0,0,0,0,0,0,141,0,0,0,7,0,0,0,0,0,0,0,0,0,20,0,0,0,0,0,0
Prevotellaceae,0,0,0,4,0,0,0,0,0,0,0,0,0,244,0,0,0,0,0,424,0,0,0,0,99,0,0,0,2,0,139,0,9,0,0,0,0,0,0,0,0,0,0,0,43,0,0,0,0,0,0,0,0,0,0,0,0,0,0,35,0,0,0,0,0,15,0,4,0,0,0,0,0,0,0,0,0,0,0,200,0,0,0,0,0,0,0,0,0,0,0,0,0,0,0,0,0,0,0,0,6,0,0,0,0,0,0,0,0,6,0,0,0,0,0,0,0,0,0,0,0,0,0,0,0,95,0,0,0,13,0,0,28,466,0,0,0,123,0,0,0,0,0,0,0,0,0,0,0,0,0,0,0,0
Alcaligenaceae,0,0,0,0,0,0,0,0,0,0,0,0,0,0,0,0,0,0,0,0,0,0,0,0,0,0,0,31,0,0,0,0,0,0,0,0,0,0,0,0,0,0,0,0,0,0,0,0,0,0,0,0,0,0,0,0,0,0,0,0,0,0,0,0,0,0,0,0,0,0,0,0,0,0,0,0,0,0,0,0,0,0,0,0,0,0,0,0,0,0,0,0,0,0,0,0,5,0,0,0,0,0,0,0,0,0,0,0,0,0,0,0,0,0,0,0,0,0,0,0,0,0,0,0,0,0,0,0,0,0,0,0,0,0,0,0,0,0,0,0,0,0,6,0,0,0,0,0,0,0,0,0,5,0
Caulobacteraceae,0,0,0,0,0,0,0,0,0,0,3,0,0,0,0,0,0,0,0,0,0,0,0,0,0,0,0,0,12,0,0,0,0,0,0,0,0,0,0,0,0,0,0,0,0,0,0,0,0,0,0,0,0,0,0,0,0,0,0,0,0,0,0,0,0,0,0,153,0,0,0,0,0,0,0,0,0,0,0,0,0,0,0,0,0,0,0,0,0,0,0,0,0,0,0,0,0,0,0,0,0,0,0,0,0,0,0,0,0,0,0,0,0,0,0,0,0,0,0,0,0,0,0,0,0,0,0,0,0,0,0,0,0,0,0,0,0,0,0,0,0,0,0,0,0,0,0,0,9,0,0,0,0,0
Deferribacteraceae,7,6,21,55,226,9,10,239,13,89,20,26,6,15837,7,29,340,105,2595,19613,11,176,15,2100,584,5767,27,10,22,38,361,12842,50,49,132,44,28,3188,343,19973,0,77,14,4,797,327,105,92,30,7,9,87,7,546,0,5,0,107,24,83,4,63,9,48,0,0,4,429,21,3,7,1269,12,20,16,0,21,276,34,784,9,0,16,10,21,0,12,13,9,22,5,27,7,67,11,50,100,353,8,0,70,600,14,161,105,848,13,10,7,400,10,9,21,82,9,182,10,66,10,6,9,145,4,71,6,113,16,10,233,130,12,5,422,5607,4,0,26,207,21,10,5,8,0,31,330,682,504,1112,10,0,180,83,17,190
Halomonadaceae,0,0,0,0,0,0,0,0,33,0,0,0,0,0,0,0,14,0,0,0,0,0,0,0,0,0,0,0,0,0,0,0,0,0,0,45,0,0,0,0,0,0,0,0,0,0,0,0,0,0,0,0,0,0,0,0,0,0,0,0,0,0,0,0,0,0,0,0,11,0,0,0,0,0,0,0,0,0,0,0,128,0,0,0,0,0,0,0,0,0,0,0,0,0,0,0,6,0,0,14,92,0,0,0,0,0,0,50,0,23,0,0,0,0,0,0,0,0,0,0,0,0,0,0,0,0,0,0,0,3,0,126,0,0,0,0,0,0,0,0,0,0,0,0,0,0,0,0,0,88,0,0,0,0
Clostridiaceae,0,0,0,0,0,0,0,34,0,8,0,0,0,0,0,0,0,0,0,7,0,0,0,0,0,0,0,0,0,0,0,0,0,0,0,6,0,30,0,0,0,0,0,0,0,0,0,0,0,0,0,221,12,267,13,0,0,0,9,0,0,0,0,0,0,0,0,0,0,0,0,0,0,124,3,127,0,0,0,0,0,0,0,59,0,0,0,34,0,0,5,0,0,0,0,0,0,0,0,0,0,0,0,0,80,0,0,204,0,0,0,0,0,0,0,3,0,14,0,0,0,0,0,27,0,26,5,90,0,0,0,0,0,40,0,0,0,150,0,0,0,0,0,0,0,0,0,0,3,0,8,0,0,0
Actinomycetaceae,0,0,0,0,0,0,0,0,0,0,0,0,0,0,0,0,0,0,0,0,0,0,0,0,0,0,0,15,0,0,0,0,0,0,0,0,0,0,0,0,0,0,0,0,0,0,0,0,83,0,0,0,0,0,0,0,0,0,0,0,0,0,0,0,0,0,0,0,0,0,0,0,0,0,0,0,0,0,0,0,0,0,0,0,0,0,0,0,0,0,0,0,0,0,0,0,0,0,0,0,0,0,0,0,0,0,0,40,0,0,0,0,0,0,0,0,0,0,0,0,0,0,0,0,0,0,0,0,0,0,0,0,0,0,0,0,0,0,0,0,0,0,0,0,0,0,0,0,0,0,0,0,0,0
Listeriaceae,7,0,9,70,0,7,11,60,0,12,7,110,0,0,0,10,13,9,12,15,7,0,16,6,12,31,12,8,13,3,4,0,24,3,4,93,8,7,7,9,20,15,8,179,11,0,15,78,21,0,0,0,0,6,12,10,5,24,0,14,18,28,0,23,0,0,16,282,16,3261,8,6,7,6,8,8,7,11,34,0,0,0,16,15,0,10,14,18,0,9,7,14,9,25,12,11,11,3,10,0,16,11,8,33,0,10,6,13,9,0,9,13,11,10,11,6,13,25,7,0,0,6,0,0,0,12,14,13,9,8,13,0,4,0,8,0,10,0,9,259,8,0,0,18,11,0,10,15,0,0,0,17,13,10
Clostridia_UCG-014,0,0,0,0,0,0,0,0,0,0,0,0,0,0,0,0,0,0,0,0,0,0,0,0,8,0,0,0,0,0,86,0,0,0,0,0,0,0,0,0,0,0,0,0,0,0,0,0,0,0,0,0,0,0,0,0,0,0,0,0,0,0,0,0,0,0,0,0,0,0,0,0,0,0,0,0,0,0,0,0,0,0,0,0,0,0,0,0,0,0,0,0,0,0,0,0,0,0,0,0,0,0,0,0,0,0,0,0,0,0,0,0,0,0,0,0,0,0,0,0,0,0,0,0,0,0,0,0,0,7,0,0,0,0,0,0,0,0,0,0,0,0,0,0,0,0,0,0,0,0,0,0,0,0