Genus,403_CC,403_CL,405_CC,405_CL,407_CC,407_CL,408_CC,408_CL,411_CC,411_CL,412_CC,412_CL,414_CC,414_CL,420_CC,420_CL,425_CC,425_CL,427_CC,427_CL,428_CC,428_CL,431_CC,431_CL,432_CC,432_CL,433_CC,433_CL,437_CC,437_CL,438_CC,438_CL,439_CC,439_CL,444_CC,444_CL,449_CC,449_CL,450_CC,450_CL,451_CC,451_CL,452_CC,452_CL,456_CC,456_CL,459_CC,459_CL,461_CC,461_CL,463_CC,463_CL,464_CC,464_CL,465_CC,465_CL,466_CC,466_CL,471_CC,471_CL,472_CC,472_CL,475_CC,475_CL,476_CC,476_CL,478_CC,478_CL,481_CC,481_CL,482_CC,482_CL,484_CC,484_CL,485_CC,485_CL,489_CC,489_CL,495_CC,495_CL,500_CC,500_CL,505_CC,505_CL,509_CC,509_CL,510_CC,510_CL,515_CC,515_CL,517_CC,517_CL,518_CC,518_CL,519_CC,519_CL,521_CC,521_CL,522_CC,522_CL,524_CC,524_CL,528_CC,528_CL,532_CC,532_CL,534_CC,534_CL,535_CC,535_CL,536_CC,536_CL,538_CC,538_CL,541_CC,541_CL,542_CC,542_CL,547_CC,547_CL,548_CC,548_CL,549_CC,549_CL,553_CC,553_CL,555_CC,555_CL,562_CC,562_CL,564_CC,564_CL,568_CC,568_CL,571_CC,571_CL,572_CC,572_CL,573_CC,573_CL,577_CC,577_CL,578_CC,578_CL,579_CC,579_CL,580_CC,580_CL,584_CC,584_CL,590_CC,590_CL,592_CC,592_CL
Oscillospiraceae,208,88,154,46,112,128,73,107,130,113,76,50,205,0,87,41,184,109,142,80,194,152,135,52,123,85,237,63,108,49,48,23,72,105,95,11,80,49,101,94,167,84,0,64,224,60,113,75,169,99,113,77,76,56,182,124,47,52,343,120,129,75,252,92,180,169,110,186,140,54,136,15,417,86,310,67,79,117,69,54,133,96,104,92,174,149,114,69,83,44,119,102,124,70,92,21,120,68,62,64,44,67,119,59,183,71,74,94,97,35,75,101,67,12,111,44,50,71,139,47,153,206,56,65,74,69,75,16,51,36,122,87,96,31,39,31,119,71,192,120,139,5,168,196,140,66,60,21,84,32,273,119,87,30
Enterobacteriaceae,14,8,0,14,0,0,0,5,5,0,0,0,6,0,9,8,0,0,0,0,11,11,0,14,0,0,20,8,7,0,0,0,0,15,7,0,20,0,0,55,0,0,4,0,9,0,0,15,0,0,0,7,29,8,10,0,0,0,5,0,0,4,11,0,0,0,0,6,10,7,0,0,8,0,9,0,0,0,0,8,8,4,0,3,0,0,7,0,0,0,9,3,10,0,5,0,0,4,0,0,0,0,6,0,0,5,7,12,0,0,6,14,12,0,0,0,0,0,0,0,10,6,0,0,0,0,0,0,0,0,0,6,6,0,15,3,9,10,5,0,43,0,0,0,0,9,8,0,0,9,60,5,7,0
Eubacterium_brachy_group,44,18,0,0,19,28,17,20,25,23,4,0,42,0,26,20,27,15,23,10,36,27,0,0,0,0,0,0,20,16,13,11,20,21,0,0,2,0,21,20,35,10,0,21,4,0,22,11,22,13,18,10,24,27,0,0,9,12,49,16,38,19,33,17,29,29,11,32,0,0,0,0,51,5,35,8,0,0,44,26,15,8,38,30,45,40,40,23,30,4,25,19,34,22,15,5,35,14,0,0,26,23,9,0,0,0,43,16,37,6,31,29,15,7,22,4,18,13,48,5,30,31,11,28,19,3,13,4,16,9,15,9,43,24,9,7,66,19,34,13,31,9,27,21,14,16,13,7,50,17,47,12,12,4
Eubacterium_nodatum_group,10,0,12,8,6,6,4,13,21,10,10,8,6,0,7,0,25,13,16,7,14,11,18,0,5,0,10,0,9,7,0,0,6,10,10,0,9,8,9,18,9,5,0,0,0,0,17,17,16,18,0,2,12,12,22,7,6,0,33,14,19,10,14,8,13,9,13,10,21,10,24,0,17,5,14,8,0,0,11,11,17,13,3,0,9,0,0,0,11,9,9,5,22,9,9,0,18,0,18,20,10,5,12,4,7,0,12,10,16,0,11,20,12,6,26,6,5,0,17,0,6,5,0,0,13,6,8,0,15,0,4,12,8,11,7,0,24,9,9,5,29,3,12,9,0,4,11,7,25,0,22,5,0,0
Eubacterium_ventriosum_group,0,0,6,0,0,0,0,0,0,0,0,0,0,0,158,48,0,0,0,0,0,0,0,0,0,0,0,0,0,0,0,0,0,0,0,0,0,0,0,0,0,0,0,0,0,0,0,0,0,0,0,0,0,0,0,0,0,0,0,0,0,0,0,0,0,0,0,0,0,0,0,0,0,0,0,0,0,0,0,0,0,0,0,0,0,0,0,0,0,0,0,0,0,0,0,0,0,0,0,0,0,0,0,0,0,0,0,0,0,0,0,0,0,0,0,0,0,0,0,0,0,0,0,0,0,0,0,0,0,0,0,0,0,0,0,0,4,0,0,0,285,21,238,92,178,81,0,0,0,0,0,0,0,0
Eubacterium_xylanophilum_group,258,106,247,81,172,119,95,110,593,371,135,92,482,0,325,160,404,164,265,101,299,155,657,442,171,154,318,119,329,122,118,71,165,132,380,29,163,108,253,253,35,23,0,222,354,53,20,32,226,135,264,178,1379,453,281,221,135,92,90,118,266,139,366,151,195,108,46,57,21,0,18,16,41,14,44,18,0,0,278,259,494,382,145,95,315,310,181,140,179,72,425,243,324,96,212,94,426,199,147,139,166,173,246,55,202,123,138,104,290,63,244,300,199,40,343,92,186,114,233,57,183,232,100,184,217,56,175,47,167,107,137,125,445,254,80,98,215,82,396,248,338,39,109,90,340,151,283,127,562,190,214,56,175,34
A2,4314,2954,4832,1944,1917,2156,956,1663,2790,2024,2860,2861,4891,42,2423,2557,3702,2562,3347,1292,4219,3120,2463,1969,2234,1722,3707,2488,3385,1727,1915,1253,1702,2444,2927,601,1646,1573,3822,3132,3766,2445,153,1925,4800,1327,1073,673,1378,1157,2264,1468,3618,2486,3826,2537,1369,1525,5909,2149,2340,1790,5522,2617,2613,3067,1276,2405,1639,1144,3753,1308,7770,1812,4047,1109,1532,1653,2621,2408,5138,4678,2697,2544,4779,4697,4955,2472,2023,1460,4163,2950,5348,2487,3225,1737,1958,1572,1391,2083,2871,2745,3202,1231,4550,2415,1840,1120,3019,1476,2514,3822,2998,1098,3461,1168,2155,1873,5018,1410,2551,2629,1831,4333,2849,1234,2707,757,3175,1872,3363,2472,1589,1068,1717,2036,3643,1717,2984,1466,2312,962,3442,3581,4546,3539,981,662,6806,2620,3719,1342,2242,534
Acetatifactor,181,71,156,39,179,298,112,296,59,42,30,31,133,0,70,42,291,215,152,68,294,286,30,21,136,139,233,133,291,87,30,19,138,212,309,38,222,167,54,63,158,80,0,0,10,0,102,62,56,42,20,32,30,0,13,0,38,53,31,34,188,120,148,136,234,263,90,251,0,0,67,39,195,65,222,98,42,47,18,34,208,129,95,156,128,114,24,36,67,45,60,52,68,57,53,21,71,45,40,91,60,112,111,56,83,60,125,195,113,31,117,235,144,22,189,91,137,120,180,62,219,196,60,109,129,132,197,38,50,32,117,97,148,73,43,32,111,57,79,38,261,55,148,215,115,62,37,17,283,75,576,198,162,60
Alistipes,807,359,1259,358,276,447,143,239,722,739,407,277,900,0,573,388,1018,645,1122,266,1486,1487,919,566,564,384,951,396,665,449,393,311,455,559,711,196,408,301,1219,997,1560,860,32,17,1058,232,843,540,630,518,877,684,555,803,36,25,314,252,1240,559,745,633,1100,504,542,589,216,571,791,523,1012,194,793,219,872,276,17,27,516,403,1048,1243,470,670,981,730,1197,461,582,396,662,710,519,213,908,329,519,554,420,383,361,325,272,113,1236,541,247,278,355,217,400,673,510,143,35,21,371,395,641,200,632,780,296,431,367,305,621,118,473,331,458,710,735,406,411,439,614,274,1431,663,619,172,889,652,1062,420,437,284,1324,454,502,141,478,89
Alloprevotella,13,11,22,10,7,11,6,9,291,220,12,8,457,0,14,16,419,296,324,133,13,10,581,383,69,20,219,73,56,18,5,3,495,686,131,17,15,12,10,15,37,15,7,9,268,20,28,23,10,6,56,10,213,14,11,11,1015,449,44,10,14,6,22,17,63,15,24,15,163,44,99,45,19,3,11,0,1290,1052,1043,1259,42,34,83,78,18,21,36,12,669,434,361,240,5598,3212,469,253,754,410,194,300,1203,1176,381,198,535,407,1396,1392,148,48,665,839,263,39,10,8,182,179,1271,267,477,598,5,12,1275,831,317,78,258,220,9,5,325,123,223,535,1456,806,18,8,3513,930,142,53,10,9,613,248,1141,289,25,8,11,2
Anaeroplasma,37,88,186,162,138,406,53,229,283,407,180,256,524,3,9,10,303,454,169,182,89,113,9,16,46,5,9,11,698,166,147,251,79,129,127,29,8,16,18,17,13,8,0,177,32,3,396,588,1305,716,38,13,62,162,331,369,109,579,448,384,223,128,39,282,170,397,102,331,62,70,8,104,202,84,105,70,9,9,10,10,36,199,70,4,272,270,14,107,10,23,168,392,17,5,298,166,39,91,20,325,18,180,32,38,26,78,14,83,26,164,26,65,19,6,33,35,109,285,53,115,15,107,44,143,99,170,23,16,29,30,41,127,29,41,120,70,44,73,80,113,79,49,0,7,102,189,233,240,188,341,935,372,45,120
Anaerotruncus,80,81,122,69,68,137,94,216,115,100,131,155,152,0,188,311,231,275,130,93,57,52,553,510,108,140,148,111,63,54,21,18,20,61,253,64,97,125,526,462,406,425,7,66,211,77,254,405,185,142,56,37,113,53,161,199,66,139,378,193,90,81,253,175,90,146,67,153,170,173,139,96,278,68,202,100,110,151,268,367,257,257,123,212,161,190,128,159,149,195,276,244,664,341,389,254,233,321,63,182,503,633,133,163,170,90,162,141,297,256,174,323,286,173,390,191,127,177,313,94,97,125,109,270,218,129,239,75,100,105,256,252,243,214,113,150,191,153,298,183,224,190,139,256,111,95,365,328,1231,516,174,98,41,17
Bacillus,12,14,13,12,8,0,6,18,13,9,7,0,0,0,9,0,19,13,0,0,0,9,0,0,14,0,33,0,0,0,0,0,5,9,13,0,30,12,11,116,18,15,0,5,17,0,24,10,0,11,0,12,54,14,12,11,9,0,15,8,0,8,15,12,11,14,9,13,0,0,11,4,18,0,0,0,9,7,7,15,22,18,15,0,0,17,4,4,0,0,17,13,12,10,11,15,12,0,0,4,6,13,16,0,19,0,12,9,10,0,0,0,19,0,14,0,8,14,0,0,15,14,0,17,10,16,14,0,4,0,9,0,0,7,26,0,22,7,13,8,90,0,11,11,15,8,16,14,13,0,88,0,6,0
Bacteroides,3478,1444,3665,793,3172,4351,1046,1884,3030,2189,2474,1846,3198,27,1439,957,4361,1823,2952,871,2172,1789,4603,2711,2106,1516,4412,2063,2794,1087,689,590,1992,2495,2656,319,3834,3301,4431,4204,4134,2196,89,3783,9538,999,1391,755,2704,1163,2207,1153,2250,2829,1841,1565,2481,1397,3572,1328,3283,1881,6442,2666,2505,1834,1808,2942,3518,1188,1368,746,4749,835,1889,428,1556,1768,4543,4612,3273,2537,1919,1742,3242,2520,5280,2200,2273,1393,2547,1583,3711,1695,2370,1750,3516,2828,1969,3020,3726,3476,1936,963,6348,3731,3416,4666,1958,431,3098,5488,5065,872,5249,2713,1116,1098,4675,1168,1338,1944,682,931,2258,1004,2795,602,2547,2027,2516,2558,2389,1259,1055,1610,4204,3188,3593,1798,5403,1845,2755,1483,1936,1460,4064,2035,5111,1480,2226,714,1795,259
Blautia,536,213,185,104,619,665,153,155,76,206,150,70,174,2,126,241,310,333,266,151,107,73,282,199,306,271,332,63,256,172,66,56,387,794,324,49,333,163,292,490,236,70,18,401,593,155,202,155,259,218,98,86,295,199,276,295,222,287,643,134,426,294,451,153,612,569,315,636,154,104,259,101,652,41,946,126,287,290,186,180,543,371,427,378,450,303,560,187,245,146,572,421,320,91,347,76,640,121,276,112,189,146,367,139,344,64,362,273,159,76,106,441,358,82,320,152,169,249,230,186,235,472,130,181,240,623,276,39,342,117,303,273,372,103,157,126,383,241,512,436,477,61,36,81,412,147,297,134,981,159,481,168,180,46
Butyricicoccus,0,0,0,0,0,0,0,0,0,0,0,0,0,0,0,0,0,0,0,0,0,0,0,0,0,0,0,0,0,0,0,0,0,0,0,0,0,0,0,0,0,0,0,0,0,0,0,0,0,0,2,0,17,27,0,0,0,0,0,0,0,0,0,0,0,0,0,0,0,0,0,0,0,0,0,0,0,0,0,0,0,0,0,0,0,0,0,0,0,0,0,0,17,0,0,0,0,0,0,0,0,0,0,0,0,0,0,0,0,0,0,0,0,0,131,79,0,0,0,0,0,0,0,0,0,0,0,0,0,0,0,0,0,0,0,0,0,0,0,0,0,0,0,0,0,0,17,37,49,20,0,0,0,0
Candidatus_Arthromitus,9,34,59,6,8,13,7,25,0,0,6,10,7,0,0,0,5,4,7,3,0,7,46,35,33,81,24,19,3,0,0,0,0,0,7,3,6,6,0,0,26,19,1708,6,9,37,17,13,8,10,11,39,56,51,12,74,9,461,20,18,6,0,23,26,5,0,16,6,0,0,16,13,0,0,13,6,0,0,5,0,24,15,13,0,16,14,16,14,9,8,8,12,41,9,26,89,3,0,5,6,13,6,5,0,33,0,41,47,13,4,4,0,7,0,20,27,5,0,28,14,20,11,7,17,27,18,7,0,7,6,25,17,37,15,0,8,27,13,10,8,13,4,18,84,7,7,7,7,65,68,40,7,0,0
Candidatus_Saccharimonas,0,0,0,0,0,0,0,3,0,0,0,0,0,0,0,0,0,0,0,0,0,0,0,0,0,0,0,6,0,0,0,0,0,0,0,0,0,0,0,0,0,0,0,0,0,0,0,0,0,0,0,0,0,0,0,0,0,0,0,0,3,0,0,0,0,3,0,0,0,0,0,0,0,0,0,0,0,0,0,0,0,0,0,0,0,0,0,0,5,0,3,4,5,0,0,0,0,0,0,0,0,0,0,0,0,0,0,0,0,0,3,2,9,0,0,0,0,0,0,0,4,4,0,0,0,0,0,0,0,0,0,6,5,0,0,0,7,4,0,0,0,0,0,0,0,0,0,0,0,0,0,0,3,0
Clostridia_UCG-014,0,0,8,0,0,0,0,0,0,0,13,5,0,0,0,0,32,10,15,0,0,0,0,0,0,0,10,0,4,0,3,0,6,4,0,0,0,0,0,0,0,0,0,0,0,0,3,0,0,0,0,0,0,0,0,0,6,5,0,0,39,11,0,0,5,13,0,14,0,0,0,0,0,0,0,0,0,0,0,0,0,0,0,0,0,0,0,0,0,0,0,0,2,4,0,0,0,0,0,0,0,0,0,0,0,0,4,6,0,0,0,0,0,0,0,0,5,0,36,12,0,0,0,0,29,17,8,0,30,18,0,0,0,0,0,0,0,0,0,0,0,0,0,0,0,0,0,0,0,0,2,0,0,0
Clostridia_vadinBB60_group,150,258,207,116,57,341,126,404,230,254,221,272,427,0,283,183,385,434,299,217,129,118,362,626,214,371,244,176,327,102,105,134,101,308,351,51,189,190,11,23,196,181,0,102,73,88,256,487,301,229,128,154,244,465,106,145,29,113,212,184,168,114,57,325,117,258,100,223,86,98,31,237,465,124,276,129,65,167,252,293,64,389,57,267,394,446,28,269,19,140,85,162,75,85,147,73,78,156,10,257,28,231,78,228,63,308,63,245,19,140,115,291,192,85,196,228,44,74,52,95,63,330,110,316,142,130,102,34,110,191,55,203,269,300,93,37,48,126,195,214,270,104,211,227,239,395,198,176,143,172,85,33,68,137
Colidextribacter,539,257,602,179,386,385,154,261,381,359,262,182,473,0,298,244,434,334,438,158,268,237,477,270,371,315,512,147,589,249,175,159,231,290,441,76,280,192,506,444,577,255,14,222,264,55,318,188,303,223,321,193,334,329,371,320,175,204,839,238,455,250,499,231,393,324,235,399,526,199,326,135,926,177,707,180,390,342,248,206,616,506,388,319,650,470,387,302,204,113,475,425,307,211,328,154,441,177,224,237,150,238,353,147,551,258,250,289,301,133,259,479,332,98,385,202,259,216,511,171,319,392,209,374,239,229,327,64,275,177,415,351,455,173,184,204,495,306,634,356,475,89,392,421,458,198,399,179,670,234,426,129,233,58
Enterococcus,14,0,0,10,0,0,0,0,0,0,0,22,10,0,0,0,0,0,0,9,0,11,0,8,10,0,20,0,12,0,0,0,0,0,0,0,24,0,0,43,11,0,0,0,0,0,9,7,0,0,0,0,26,14,0,0,0,0,0,13,0,7,10,17,5,0,0,0,9,9,15,0,7,0,12,0,0,0,0,0,5,0,0,0,0,9,0,6,9,12,12,0,0,0,0,0,10,17,0,6,0,7,12,0,0,0,0,0,5,0,0,10,16,0,11,0,0,0,0,0,9,0,10,0,11,8,13,0,0,0,0,0,0,5,9,0,11,11,14,0,33,0,0,7,0,16,7,4,13,11,42,11,0,0
Enterorhabdus,397,146,416,159,377,208,77,64,175,180,134,56,280,37,139,99,243,138,120,33,239,134,124,90,291,138,250,55,105,47,94,77,139,156,259,104,364,169,221,180,227,105,805,164,160,22,100,64,107,79,165,115,247,184,211,114,188,188,653,234,148,74,683,130,228,241,123,299,103,59,178,13,187,23,308,66,120,78,275,214,258,217,385,235,278,245,386,69,235,126,383,212,448,82,142,33,361,58,231,77,180,60,431,58,285,53,319,249,171,62,244,501,238,37,263,103,230,261,527,116,294,340,174,170,264,163,299,46,163,52,221,178,174,50,84,98,856,229,561,184,451,72,238,154,482,247,145,67,445,74,142,38,262,26
Erysipelatoclostridiaceae,28,7,29,9,39,33,9,7,12,7,0,0,11,0,11,7,25,10,70,22,12,8,0,0,5,0,36,0,0,0,0,0,0,0,15,3,0,0,22,11,0,0,0,0,21,0,0,0,2,0,0,0,7,0,10,10,22,15,38,15,13,11,38,7,11,11,11,21,29,22,25,0,77,13,46,8,30,20,26,25,0,3,0,0,0,0,19,6,0,0,11,9,198,60,14,0,47,22,64,42,4,8,37,4,48,30,95,84,17,3,10,30,68,12,0,0,17,11,46,9,18,14,7,9,37,12,19,4,0,5,22,12,15,11,5,11,58,8,20,17,170,21,59,17,25,9,118,59,30,19,0,0,4,3
Erysipelotrichaceae,35,12,40,19,23,29,0,8,33,25,25,13,14,0,6,0,13,0,0,7,10,5,0,5,11,19,20,4,29,10,0,0,6,6,16,3,14,13,13,10,23,12,0,9,20,0,10,7,7,11,5,0,15,13,13,7,6,9,38,9,30,16,0,6,17,10,7,38,21,16,26,4,35,5,33,5,28,26,37,21,32,20,19,11,7,14,0,0,4,4,10,22,37,10,38,5,18,17,9,6,8,12,27,0,35,18,17,14,16,7,4,0,7,0,33,34,13,8,32,0,14,21,4,16,0,0,13,0,9,0,24,27,21,24,9,7,42,14,12,10,18,0,39,15,15,0,10,6,42,10,6,0,6,0
Escherichia-Shigella,0,0,8,10,0,8,0,0,0,0,3,6,0,0,0,0,12,9,9,0,0,0,0,0,14,8,11,0,8,5,0,0,6,7,0,6,26,5,13,62,10,10,0,4,5,0,9,0,0,7,5,0,26,7,9,7,0,6,8,5,0,0,8,21,15,11,0,5,0,0,6,0,9,0,0,4,11,12,0,8,6,10,8,0,14,10,0,13,6,0,0,0,0,8,0,0,0,17,0,0,13,18,8,0,7,0,5,0,12,0,0,7,11,0,18,0,7,0,7,0,5,0,0,11,0,15,9,0,5,0,5,6,0,11,15,0,11,0,7,0,53,4,0,8,12,0,9,9,8,0,46,0,0,0
Faecalibaculum,0,0,0,0,0,0,0,0,0,0,0,0,0,0,0,0,0,0,0,0,0,0,0,0,0,0,0,0,0,0,0,0,0,0,0,0,0,0,0,0,0,0,0,0,0,0,0,0,0,0,0,0,0,0,0,0,0,0,0,0,0,0,0,0,0,0,0,0,0,0,0,0,0,0,0,0,0,0,0,0,0,0,0,0,0,0,0,0,0,0,0,0,0,0,0,0,0,0,0,0,0,0,0,5,0,0,0,0,0,0,0,59,0,0,0,0,0,0,0,0,0,0,0,0,0,0,0,0,0,2,0,14,0,0,0,0,0,0,0,0,0,0,0,0,0,0,0,0,0,0,0,0,0,0
Family_XIII_AD3011_group,0,0,0,0,0,2,0,0,0,0,0,0,0,0,0,0,0,0,4,0,0,0,0,0,0,0,0,0,0,0,0,0,0,0,6,0,0,0,6,4,0,0,0,0,0,0,0,0,0,0,0,0,0,0,0,3,0,0,0,0,4,0,0,0,0,0,0,6,0,0,0,0,4,2,4,0,0,0,0,0,0,0,0,0,0,0,0,0,5,0,0,0,0,0,0,4,3,0,0,0,0,0,0,0,4,0,4,0,0,0,0,0,4,0,0,0,4,6,8,0,0,5,0,0,0,0,3,0,0,7,0,0,3,0,0,6,4,0,0,0,11,0,0,0,0,0,0,0,0,4,0,2,0,0
Family_XIII_UCG-001,112,39,123,20,51,74,37,81,64,39,55,38,59,0,55,46,70,54,58,21,68,56,55,22,79,51,116,53,80,30,27,16,44,38,92,6,41,37,96,101,112,49,6,23,102,16,55,32,46,39,35,24,40,32,58,72,38,46,138,53,101,54,213,104,80,72,57,78,6,0,37,11,53,17,96,26,0,0,62,72,92,58,87,73,99,95,82,46,81,36,65,51,147,69,73,39,84,57,37,36,64,54,84,30,95,62,83,50,136,27,70,71,116,20,3,5,62,49,119,21,69,80,40,74,86,46,77,12,45,30,71,54,99,53,33,55,123,41,116,73,98,26,56,60,60,39,67,38,130,66,81,36,52,13
GCA-900066575,359,175,228,99,148,223,87,146,158,145,110,66,409,3,124,96,184,88,98,35,129,128,152,76,190,145,150,82,154,45,65,56,69,77,286,32,111,89,200,187,234,89,0,79,407,80,129,113,105,69,190,144,239,188,232,148,126,106,295,131,309,193,158,106,189,125,91,195,393,135,942,384,1166,337,585,154,104,89,347,348,174,153,158,149,315,322,429,250,129,75,143,86,123,60,142,64,215,139,131,234,102,130,143,58,247,162,224,200,133,61,158,231,221,45,173,85,106,61,251,60,152,149,90,142,183,95,103,30,166,113,174,175,231,93,101,123,222,83,383,231,319,43,180,174,214,141,483,245,331,118,201,61,139,56
Harryflintia,0,0,0,0,0,0,0,0,0,0,0,0,19,0,0,0,0,0,0,0,0,0,18,12,10,11,0,0,0,0,0,0,0,0,21,0,0,0,0,0,0,0,0,0,0,0,0,0,0,0,0,0,0,0,0,0,0,0,10,8,0,0,0,0,0,0,0,0,0,0,0,0,0,0,7,0,0,0,0,0,0,0,0,0,0,0,0,0,0,0,0,0,0,0,0,0,0,0,0,0,0,0,0,0,0,0,0,0,0,0,0,0,0,0,0,0,0,7,0,0,6,0,0,0,0,0,0,0,0,0,0,0,0,0,0,0,0,0,0,0,0,0,5,8,0,0,0,0,0,0,0,0,0,0
Incertae_Sedis,1285,480,1519,521,501,848,524,931,1211,1159,848,640,912,20,880,791,1118,849,386,184,1451,1201,1131,690,973,787,535,309,1407,550,517,372,507,546,1084,214,669,607,1154,1155,1422,739,38,601,1221,304,420,313,853,429,952,812,637,555,1188,1040,374,313,1852,621,1302,885,1157,1014,1045,845,738,961,1092,497,242,399,2133,442,1890,462,338,460,853,631,1283,1140,582,813,947,910,605,531,288,280,980,686,583,582,593,318,1031,656,448,570,453,734,451,267,571,561,396,577,614,349,699,1156,454,169,1032,561,418,509,843,359,539,732,447,640,547,441,531,141,600,407,625,678,613,449,371,516,386,497,1401,966,957,246,935,946,942,574,428,225,1750,789,913,446,576,174
Intestinimonas,313,164,243,106,189,237,98,183,205,184,155,131,185,0,141,149,126,128,167,90,158,126,236,155,129,135,247,90,279,158,108,102,123,250,135,18,92,98,141,132,286,153,7,173,366,71,171,154,233,210,184,131,159,152,193,230,134,131,617,216,193,134,422,155,250,276,218,406,110,49,172,86,166,40,489,116,78,86,88,112,180,173,200,259,350,291,116,55,169,174,278,282,168,83,243,104,234,111,118,116,83,75,172,64,322,133,136,187,158,51,121,232,142,42,195,104,170,154,367,89,237,335,123,150,71,77,182,61,196,120,132,120,139,57,94,96,218,128,402,212,224,39,102,117,258,125,111,56,252,80,335,126,145,46
Lachnoclostridium,871,475,911,460,372,628,326,672,591,523,490,559,655,18,370,349,663,468,537,245,570,487,536,469,542,584,826,457,1043,472,312,247,318,518,740,158,354,351,508,533,743,380,67,628,682,218,399,331,535,470,441,365,760,509,864,640,332,423,1576,481,529,332,559,551,557,624,358,820,979,379,492,284,2124,560,1470,383,433,608,566,606,556,706,351,674,1157,1589,629,783,218,297,587,565,395,431,651,345,662,566,308,714,232,441,391,306,519,604,455,842,252,238,438,907,731,216,600,346,457,415,956,327,485,700,369,754,496,382,558,167,601,522,554,665,757,500,325,384,478,499,1142,774,953,258,574,865,772,616,800,515,1402,629,915,429,362,113
Lachnospiraceae,2733,1744,2142,969,1241,1831,1319,3039,1435,1246,1009,1085,2040,17,2147,2143,2805,2146,2000,997,3822,3165,1548,1405,1535,1494,2946,1947,1394,663,718,528,591,1093,2324,369,1347,1307,1746,1740,2647,1365,64,1223,1900,476,1947,1695,1875,1353,1512,1170,3222,2183,2973,2296,699,824,3338,1980,2235,1612,2923,1864,1640,1467,994,1885,2273,1034,925,533,3982,1303,2773,881,1152,1188,1732,1956,1146,1304,1740,1915,3967,4378,1694,1385,1663,1240,1567,1299,2974,1657,2211,1094,2783,2408,1128,1910,1091,1586,2274,1165,2894,1903,2184,2131,1743,1023,1391,2405,1869,600,2117,847,1544,1303,3076,887,1575,1829,803,1829,1673,997,1514,376,1558,1101,1712,1496,2225,1465,1402,1600,2814,1313,5140,3376,2223,809,1554,1665,1860,1471,1934,1461,3276,1694,3788,1374,1865,571
Lachnospiraceae_FCS020_group,235,125,235,92,194,268,93,159,226,200,183,205,418,0,64,32,904,646,216,96,131,124,120,91,168,154,557,295,235,95,84,52,238,348,316,60,290,244,100,124,222,98,16,537,258,55,180,112,154,102,151,128,126,88,112,69,106,101,205,184,304,214,444,344,265,217,114,198,81,21,80,49,109,26,397,139,53,82,16,15,121,117,196,206,88,116,184,87,330,139,96,44,570,291,39,21,351,266,89,165,161,179,184,90,1077,616,190,159,46,49,125,226,79,10,821,320,247,187,236,63,158,173,97,236,79,53,133,31,134,108,170,159,42,24,208,196,292,118,345,204,322,93,32,24,182,130,35,8,197,103,187,66,67,36
Lachnospiraceae_NK4A136_group,8710,4820,8548,3401,6000,6932,3052,7087,10687,8348,6625,8870,14248,185,6733,6105,6997,3778,8073,3991,6860,5458,8640,8564,5944,5575,7697,3433,15537,8436,5294,3525,5219,8529,10523,2244,5264,3717,8151,9298,10647,5195,246,2883,10164,2972,10977,13223,9933,9844,9927,6960,5926,3276,12169,7518,3303,4473,7327,5405,8229,5510,11579,6920,7116,7660,4113,8901,7329,3808,7286,2896,8507,2566,9734,3064,4964,6643,1469,1565,9318,7737,6503,4930,7027,6586,5815,3103,3235,1974,6935,6115,6292,2711,3756,1954,6491,5691,2558,3757,3435,3519,6067,2401,6925,4004,3842,3849,5951,2240,3927,6615,7068,1771,4962,2325,4858,3614,8422,2288,4631,5365,3218,7650,5194,2887,6026,1366,3451,2459,4484,3620,7376,4563,2728,2287,5769,2183,8257,5065,8248,5385,7079,9453,6710,4317,7720,4833,9118,3899,13644,4804,3442,989
Lachnospiraceae_UCG-001,6165,5907,6880,3581,2450,2944,2295,4763,315,193,152,205,558,20,227,146,4991,3817,183,95,4646,2756,211,261,4079,2429,5828,4259,278,214,111,69,166,154,3698,717,2213,1356,7933,6314,9406,5301,130,158,7274,2389,206,280,194,218,408,216,1227,168,233,229,2195,3680,1087,3488,4694,3967,8400,14046,2473,2591,2561,3967,3873,3800,1594,2303,3654,3800,3316,1842,2340,3663,1768,1995,6596,5813,3430,2966,5516,3525,2476,2893,3786,4316,5452,4041,4146,2821,5532,2894,4103,4389,2042,3155,4740,6949,7113,4993,9289,3880,4173,2190,4423,9306,5509,5928,5821,2902,7772,3445,3923,2923,6996,1692,4336,4589,3042,6925,5281,3105,5020,1167,2559,1637,7211,4047,5650,3394,4828,4351,3793,1762,9128,5768,6523,6069,4101,4632,4698,2585,5362,5105,13475,6543,883,113,2970,805
Lachnospiraceae_UCG-004,0,0,0,0,0,0,0,0,31,22,12,10,0,0,9,4,0,0,0,0,0,0,0,0,0,0,0,0,52,15,18,21,24,30,0,0,0,0,0,0,0,0,0,0,0,0,30,28,33,16,0,0,0,0,0,0,0,0,0,0,21,17,64,26,31,17,13,14,0,0,0,0,0,0,95,29,0,0,0,0,0,0,0,0,0,0,0,0,0,0,0,0,0,0,0,0,0,0,0,0,0,0,0,0,23,11,0,0,0,0,0,0,0,0,0,0,0,0,0,0,0,0,11,19,10,6,0,0,0,0,0,0,0,0,0,0,0,0,0,0,0,0,0,0,0,0,0,0,0,0,0,0,0,0
Lachnospiraceae_UCG-006,280,113,278,109,225,319,95,190,143,131,97,88,259,0,118,151,182,146,101,31,165,119,94,60,238,213,269,169,239,116,146,90,68,63,269,31,72,66,114,145,144,66,29,281,193,29,67,76,96,69,131,100,193,120,162,97,56,57,424,136,186,141,391,196,189,181,113,272,794,270,293,59,509,96,395,98,161,204,86,92,611,546,295,222,325,452,580,228,145,62,168,128,167,64,133,89,141,77,96,77,59,88,184,65,562,263,657,409,110,16,127,235,148,34,199,61,85,67,219,67,135,167,82,257,119,81,120,27,133,77,106,104,158,104,152,216,372,131,454,287,221,62,153,237,471,343,39,35,184,72,183,72,228,67
Lactobacillus,4902,2167,10294,4239,6484,5410,2107,3590,9057,6798,5292,3707,5432,1249,6947,3253,6544,2529,3364,1190,7129,4101,2982,1803,9565,4851,5279,1695,11178,3253,3368,2220,1503,1895,7685,3104,11305,8727,9001,8693,4586,1827,7269,2024,5792,563,5192,3657,2286,1129,6183,4270,12146,9950,2303,1712,6103,5014,5432,2472,4739,3671,8513,2472,7944,9596,7263,11740,9248,3742,7195,1420,4668,1513,6749,2372,2653,4960,4620,4616,4252,3653,10713,5805,4321,4590,10979,2962,9030,2967,6287,2872,7984,2029,7692,3769,13249,4202,4564,5325,3459,1703,18809,6758,8955,4697,13482,11511,2112,583,7421,9096,10970,2670,6881,3599,6189,6264,5257,1686,7851,9243,3478,5721,8525,4937,8101,1760,2088,1334,7514,4452,3828,2022,4015,2536,6936,1672,5309,3090,10533,1833,4691,3158,8368,5796,8891,4732,2658,1617,5931,1441,1672,577
Listeria,10,0,0,8,0,0,0,14,0,0,0,0,8,0,0,17,0,11,12,0,17,0,9,0,9,14,30,12,10,11,0,0,0,9,0,8,35,0,19,73,0,12,0,5,9,0,9,0,8,0,9,0,30,0,16,0,0,15,0,0,11,0,15,19,11,8,9,10,8,0,0,0,11,0,14,7,0,0,0,7,14,16,14,0,18,14,0,0,0,6,0,0,11,11,12,0,7,0,7,0,10,11,13,0,0,9,0,7,12,0,13,14,18,4,11,5,0,0,18,0,10,11,0,0,13,12,10,0,0,0,7,0,0,10,22,0,20,0,0,7,53,0,0,13,9,0,9,11,11,10,63,0,0,0
Marvinbryantia,43,15,45,17,34,37,31,30,46,40,15,16,71,0,20,11,92,66,123,58,34,36,279,190,28,42,194,106,125,52,22,10,52,59,48,0,65,36,65,49,83,24,9,26,156,38,210,209,179,103,51,45,55,46,43,36,24,21,152,28,82,64,153,53,51,29,20,46,140,60,49,29,122,29,55,16,178,314,55,66,10,12,14,21,64,47,121,49,58,23,24,21,85,26,24,18,58,47,23,23,36,62,85,42,70,33,61,27,80,10,18,24,101,13,66,28,32,18,57,14,57,54,10,19,54,28,44,0,49,27,63,64,86,48,24,18,69,19,38,38,84,14,27,23,11,0,45,31,102,27,74,13,16,0
Monoglobus,46,23,70,14,18,35,5,5,5,0,0,0,19,0,0,7,68,36,85,20,69,62,85,33,0,0,0,5,10,5,0,0,2,6,0,0,10,5,11,8,8,0,0,0,113,15,16,12,6,9,0,0,4,0,0,0,0,0,0,0,20,10,89,22,28,40,8,30,11,7,51,7,14,4,23,0,8,5,0,0,50,20,4,0,14,22,0,0,23,17,22,25,25,9,16,4,5,5,5,5,9,6,30,5,29,9,6,0,0,5,0,3,2,0,20,12,5,0,18,5,6,19,0,7,25,14,23,4,16,9,19,9,23,9,5,8,19,5,15,5,9,3,19,18,12,0,14,7,31,13,5,0,17,6
Mucispirillum,4773,8743,4257,10682,143,232,1760,17563,219,145,169,144,4760,51,1960,10621,3159,13505,3650,6359,1912,10907,4016,10434,1974,9284,2527,15645,4087,9631,2108,2600,1174,10577,5798,4215,1960,12635,4274,12025,3754,11010,232,11903,4181,3733,3312,11434,2614,6259,2818,6414,2776,14059,2196,11845,901,3812,3594,8150,2633,6062,4801,11568,2849,11833,2156,9127,2203,6736,2840,19661,10590,12536,4997,8023,2133,13901,2161,7703,3008,15638,778,176,4413,9339,2302,13038,1323,9227,3246,10243,700,138,3743,10524,1746,15848,1251,12547,2071,20742,1412,13242,4371,6170,1880,13580,1806,7040,2149,23561,4504,4961,2223,5700,497,138,3219,8383,2440,5866,1457,7211,5205,15868,5064,2333,1375,12009,1149,7015,2814,11417,2058,12048,3820,10165,3703,10130,2841,6031,2515,9563,3662,9503,5269,6711,6030,6125,4506,13230,987,1393
Muribaculaceae,9901,2829,8175,2022,8260,8887,4576,5134,6380,4464,3150,1642,8438,241,4451,2360,6822,2727,6775,1644,7541,4120,7327,4430,6556,3274,9346,2442,3769,1303,1202,1080,3029,3374,6364,1113,8687,4850,6769,6317,7083,3093,5107,3903,9120,889,3475,1451,6126,2629,4207,2535,7625,4867,5657,4018,5291,2910,14088,4163,10773,5393,12531,3849,8595,7121,4117,7209,9069,2832,7350,2550,12095,1963,7341,1515,4203,2968,6869,7169,4562,3466,9046,7188,10902,8389,7601,2770,5672,2922,5209,3027,9898,3675,4436,1803,7851,4470,4477,3519,5928,4774,8993,2622,9303,4420,6380,5755,9663,2343,7230,10531,8706,1237,6043,2263,6089,5585,11677,2585,8716,7222,3185,3530,8079,4390,6525,1415,5533,2876,5499,4864,9348,4253,2161,3174,11962,5324,8949,3303,13654,2602,8411,4421,6417,3306,8078,3501,12618,2247,10035,2337,6191,788
Muribaculum,87,36,59,21,110,79,36,69,33,32,23,21,76,0,21,9,218,112,83,25,185,100,47,31,100,97,260,137,33,15,11,12,58,76,96,23,230,191,152,153,270,120,25,44,290,44,32,14,71,33,6,0,23,0,0,0,100,103,217,68,79,30,71,49,26,40,25,52,58,17,44,36,86,33,30,9,71,71,47,77,26,25,42,59,56,40,33,7,49,30,115,58,175,81,105,51,96,53,68,108,36,47,59,25,37,25,72,78,54,18,85,130,47,17,35,20,46,46,123,33,101,55,0,14,70,47,56,21,34,27,32,31,165,80,24,25,127,99,56,31,152,29,57,35,32,28,177,81,277,63,64,28,0,0
NK4A214_group,0,0,8,3,0,0,0,0,6,0,0,0,0,0,0,5,25,10,10,3,0,0,8,14,11,8,17,5,0,0,0,0,0,0,11,0,0,0,19,9,12,6,0,0,0,0,7,0,0,0,0,0,0,0,0,0,0,0,0,0,15,7,10,0,9,6,0,0,0,0,26,9,0,0,20,0,0,0,0,0,0,0,0,0,0,0,0,0,0,0,9,0,15,0,0,0,10,0,0,0,0,0,14,0,15,6,13,14,15,0,12,0,10,0,15,0,7,0,0,0,0,0,0,5,0,0,5,0,0,0,0,0,0,0,0,0,0,0,0,0,0,0,0,0,0,0,0,0,0,0,0,0,0,0
Odoribacter,6,5,16,0,0,0,2,8,1227,1196,0,0,0,0,0,3,7,3,4,0,6,0,0,3,36,0,862,713,4,4,0,0,0,0,10,0,4,6,6,8,2,0,11,0,65,0,2,0,5,0,8,3,37,7,0,2,3,5,4,3,12,2,20,5,33,6,35,5,1891,781,0,6,1840,573,873,333,0,0,8,0,4,10,205,806,797,969,1351,1672,0,0,0,0,25,3,5,0,0,5,0,7,6,6,0,5,9,5,20,0,0,0,0,13,8,0,4,2,797,1004,44,25,1002,1798,393,872,0,4,7,0,2,0,3,3,3,0,0,4,18,0,3,3,574,308,0,0,1128,618,6,6,0,0,15,7,0,0
Oscillibacter,640,216,695,163,468,416,353,441,500,395,275,201,315,0,396,349,592,320,790,247,449,379,562,280,551,390,818,288,586,198,96,88,281,283,536,92,335,238,567,586,665,243,10,102,551,110,426,238,445,322,167,98,257,219,398,275,139,154,713,183,705,380,673,381,561,401,363,533,456,177,239,174,458,108,606,145,298,265,598,580,723,523,387,464,812,582,214,276,303,253,573,436,360,205,530,187,471,199,139,165,285,385,339,141,603,358,297,319,423,241,463,875,395,109,312,106,453,322,667,188,160,213,252,327,401,279,476,88,399,249,430,373,845,298,186,232,394,286,722,364,698,130,377,370,747,294,441,182,1308,332,706,239,580,108
Pseudomonas,0,0,0,0,0,0,0,0,0,0,0,0,0,0,2,0,5,0,0,3,0,0,0,6,0,0,14,0,5,0,0,0,2,0,0,0,10,0,0,22,0,8,0,0,7,0,0,5,0,0,0,6,17,0,0,7,0,0,0,10,0,0,0,7,0,7,0,0,0,0,0,0,0,0,0,0,3,0,0,0,3,0,0,0,0,11,0,0,0,0,4,0,3,0,4,0,0,0,0,0,0,3,0,0,0,0,0,0,0,0,0,5,6,0,0,0,0,0,0,0,4,0,0,0,3,6,0,0,0,0,0,0,0,0,6,0,0,3,0,0,15,0,0,0,0,0,0,0,7,0,18,0,0,0
Roseburia,2936,2193,3196,2188,1251,2658,772,2072,1980,2580,1645,2044,2060,28,1307,2274,1948,2024,2587,1185,1896,1925,3389,2991,1492,1442,2024,1989,2402,2263,1227,690,821,1811,1637,559,1477,2313,2399,2071,3278,2477,145,2357,2372,719,2185,2440,1677,1498,1975,1535,1833,831,4426,4318,852,1590,2768,1652,1224,1259,5671,3582,1402,2447,1004,2765,1077,1303,1417,617,763,239,2970,914,1791,3084,1142,1141,1978,2326,2430,2754,1736,1859,1524,1078,1970,2462,1587,1194,1426,569,1570,936,1533,1799,856,1262,1785,1904,1591,1067,2888,1351,2581,1859,1972,1604,1656,3404,1365,646,3732,1562,1421,1963,2658,846,2117,2525,425,1272,3871,1700,2287,733,959,865,2264,1972,2075,2442,901,1118,2682,1287,2601,1367,2130,2085,1968,2121,811,845,2238,2472,4270,1584,2080,1058,738,181
Rothia,0,0,0,0,0,0,0,0,2,0,0,0,0,0,0,0,0,0,0,0,0,0,0,0,0,0,0,0,0,0,0,0,0,0,0,0,0,0,0,0,0,0,0,0,0,0,0,0,0,0,0,0,0,0,0,0,0,0,0,0,0,0,0,0,0,0,0,0,0,0,0,0,0,0,0,0,0,0,0,0,0,0,0,0,0,0,0,0,0,0,0,0,0,0,0,0,2,0,0,0,0,0,0,0,0,0,0,0,0,0,0,0,0,0,0,0,0,0,0,0,0,0,0,0,0,0,0,0,0,0,0,0,0,0,0,0,0,0,0,0,0,0,0,0,0,0,0,0,0,0,0,0,0,0
Ruminococcaceae,0,0,0,0,0,0,0,0,0,0,26,20,0,0,63,45,0,0,0,0,0,0,0,0,4,0,0,0,0,0,0,0,0,0,0,0,0,0,0,0,0,4,0,0,0,0,0,0,0,0,0,0,0,0,0,0,0,0,0,0,0,0,43,26,45,27,23,43,0,0,0,0,0,0,0,0,0,0,0,0,0,0,0,0,0,0,0,0,0,0,0,0,0,0,0,0,0,0,0,0,17,40,0,0,0,0,0,0,0,0,0,0,0,0,0,0,0,0,0,0,0,0,31,39,31,16,21,6,0,0,0,0,0,0,25,24,0,0,59,26,35,0,0,0,0,0,0,0,0,0,4,0,0,0
Staphylococcus,0,9,9,0,7,12,0,15,6,5,0,7,9,0,7,0,11,9,5,5,0,12,0,0,6,5,31,0,0,7,0,0,0,4,0,3,23,7,6,110,8,5,0,0,11,0,10,0,0,8,0,8,32,5,15,0,9,0,10,0,10,6,15,11,8,14,0,0,8,7,8,5,11,5,8,0,7,0,5,7,8,0,7,0,12,14,0,0,4,0,0,7,0,5,0,3,8,0,0,0,5,15,10,7,12,0,11,8,7,0,8,10,24,0,9,4,5,8,0,0,12,0,0,10,8,0,0,0,0,0,0,0,0,5,33,0,15,5,4,4,54,7,7,0,16,10,7,11,6,5,63,0,2,0
Tuzzerella,160,99,151,36,67,125,67,178,162,133,131,99,117,0,108,112,49,33,49,27,78,71,180,108,83,81,224,97,129,45,37,25,76,116,175,43,122,65,141,123,163,88,5,67,241,56,125,71,54,69,16,4,110,106,87,132,59,53,76,94,164,81,195,110,54,96,60,132,7,0,0,0,10,0,78,65,59,84,26,46,90,114,76,93,162,149,6,0,86,62,125,144,140,57,158,93,112,120,4,4,107,136,62,64,151,73,80,151,51,13,66,129,71,20,83,57,98,72,179,68,36,43,52,113,155,99,157,26,108,84,98,144,8,3,51,53,99,76,174,130,118,35,97,109,224,120,60,44,326,104,210,88,51,29
UCG-009,155,86,161,67,39,99,0,0,0,0,0,0,130,0,61,48,5,0,0,6,0,0,0,8,92,59,177,44,0,0,0,0,0,0,128,22,0,0,85,78,16,0,0,0,73,38,85,48,53,57,61,67,67,58,0,5,52,62,0,0,166,93,71,101,82,101,61,96,0,0,0,0,0,4,9,0,0,0,86,78,92,93,37,61,95,138,6,0,29,47,96,143,8,0,109,60,106,66,0,0,32,66,51,62,59,50,19,74,44,52,83,140,109,27,4,0,53,80,74,63,0,4,40,69,103,98,126,24,76,42,58,78,169,90,43,60,31,63,132,93,83,29,108,149,75,62,77,42,173,56,233,74,48,18
Oscillospiraceae1,837,381,982,333,587,620,424,647,643,484,667,438,828,5,681,508,871,646,883,377,1291,817,1030,545,908,681,1650,515,977,329,291,272,512,529,972,134,579,357,1410,1296,1297,610,25,533,1018,249,766,798,888,517,787,460,884,812,992,782,376,397,1865,431,798,392,425,704,812,594,608,737,418,195,280,164,1088,204,1545,268,162,234,1413,915,937,1104,392,1022,1175,1053,56,449,158,282,762,625,311,351,467,205,716,330,442,502,177,511,420,294,357,548,262,485,246,276,453,985,634,146,1080,494,463,357,646,253,481,618,431,560,578,527,528,118,727,484,536,735,977,364,326,381,271,517,1282,725,1057,144,606,575,989,559,951,405,1344,634,889,335,463,123
Lachnospiraceae1,2254,4406,2988,5172,1490,5790,1129,7007,1845,5801,1347,4088,2109,11,1489,2645,2558,5467,2107,1773,2522,5154,1904,5512,1717,4661,2103,7217,2886,2782,933,1150,1097,3422,2168,1852,1016,5147,2184,4459,2575,5324,137,1056,2237,2427,2748,7478,1747,2930,1110,5413,1752,5145,1994,4097,843,2838,1966,4181,2128,4481,3200,7209,1997,6055,1394,6294,1071,3900,610,843,1633,1869,2817,3188,1290,2947,960,2338,2672,4010,2035,5320,2610,3250,1502,2595,1199,3070,2721,3044,3340,4155,3318,4195,2331,3346,810,1576,1044,3794,1600,4303,1994,2050,2010,3961,1988,4383,1682,4990,2348,1801,3221,3018,1481,5064,2785,4773,2052,2899,1265,3333,2051,6594,2540,693,1554,2319,1687,2358,2785,3155,1294,3009,2189,3844,2453,2581,3762,2160,1798,3550,3168,4509,1382,1252,3517,3475,3358,3425,1792,1000
Ruminococcaceae1,74,52,131,37,38,82,66,131,118,85,123,113,238,0,143,110,147,105,131,93,120,102,102,95,85,103,156,74,0,0,0,0,50,63,116,25,69,64,189,157,132,64,5,0,167,81,154,105,188,102,10,0,65,68,0,7,24,80,91,58,120,45,80,108,89,94,53,94,59,37,16,78,149,37,135,41,66,93,69,50,80,119,51,91,162,117,64,58,71,53,74,67,82,71,115,33,73,68,45,128,32,95,45,51,111,63,32,63,94,52,78,186,57,14,0,5,60,48,66,48,36,89,72,158,104,95,79,27,94,74,108,113,134,77,77,72,65,65,100,120,188,41,90,107,124,83,157,51,149,77,153,75,65,15
Peptococcaceae1,64,37,51,31,44,72,12,34,35,33,14,23,53,0,21,23,38,35,27,22,19,22,41,41,40,21,55,35,34,10,10,15,33,34,34,6,30,22,37,33,67,33,0,34,88,20,19,23,15,30,11,19,43,37,36,15,16,24,61,23,53,26,100,33,32,47,19,77,66,37,106,31,114,34,67,29,52,65,27,31,52,54,58,33,70,93,96,39,30,22,27,22,108,35,31,16,50,41,23,36,57,52,52,22,94,45,47,66,42,14,30,92,58,12,50,21,27,24,66,21,24,38,12,26,40,44,37,13,26,33,52,44,28,22,14,32,116,52,65,42,85,19,21,50,33,37,32,37,61,59,37,15,18,9
Erysipelotrichaceae1,97,26,18,6,64,31,6,7,47,38,43,24,99,0,15,10,7,0,22,3,5,0,14,13,0,0,49,9,0,0,16,11,26,26,0,0,0,0,6,4,0,3,0,0,45,16,19,13,20,10,0,0,4,0,46,22,2,0,10,8,14,12,26,5,22,22,4,13,12,7,4,0,0,0,0,0,71,57,75,21,117,79,6,4,6,10,20,11,100,72,10,6,35,9,58,15,17,11,0,0,0,0,0,0,28,22,6,0,21,8,59,92,27,5,12,9,7,7,14,0,12,5,14,26,16,2,24,0,3,0,8,3,5,3,4,0,0,0,0,0,0,0,22,8,11,4,14,3,136,59,15,0,0,0